LOADPAY PAYMENT ID#*,TERMS*,CARRIER PAYMENT DATE*,CHECK FEE*,COMPANY NAME (MAKE CHECK PAYABLE TO)*,STREET ADDRESS*,CITY*,ST*,ZIP*,PHONE*,MC,DOT,CONTACT NAME*,CHECK NUMBER*
50498,PayMeNow,11/10/2018,Yes,Ryan Carrier Company,"645 E. Missouri, Suite 119",Phoenix,AZ,85012,480-773-9907,,54283,Ryan Hill,543312
50498,PayMeNow,11/10/2018,Yes,Ryan Carrier Company,"645 E. Missouri, Suite 119",Phoenix,AZ,85012,480-773-9907,,54283,Ryan Hill,543312
50498,PayMeNow,11/10/2018,Yes,Ryan Carrier Company,"645 E. Missouri, Suite 119",Phoenix,AZ,85012,480-773-9907,,54283,Ryan Hill,543312
50498,PayMeNow,11/10/2018,Yes,Ryan Carrier Company,"645 E. Missouri, Suite 119",Phoenix,AZ,85012,480-773-9907,,54283,Ryan Hill,543312
50498,PayMeNow,11/10/2018,Yes,Ryan Carrier Company,"645 E. Missouri, Suite 119",Phoenix,AZ,85012,480-773-9907,,54283,Ryan Hill,543312
50498,PayMeNow,11/10/2018,Yes,Ryan Carrier Company,"645 E. Missouri, Suite 119",Phoenix,AZ,85012,480-773-9907,,54283,Ryan Hill,543312
50498,PayMeNow,11/10/2018,Yes,Ryan Carrier Company,"645 E. Missouri, Suite 119",Phoenix,AZ,85012,480-773-9907,,54283,Ryan Hill,543312
50498,PayMeNow,11/10/2018,Yes,Ryan Carrier Company,"645 E. Missouri, Suite 119",Phoenix,AZ,85012,480-773-9907,,54283,Ryan Hill,543312
50498,PayMeNow,11/10/2018,Yes,Ryan Carrier Company,"645 E. Missouri, Suite 119",Phoenix,AZ,85012,480-773-9907,,54283,Ryan Hill,543312
50498,PayMeNow,11/10/2018,Yes,Ryan Carrier Company,"645 E. Missouri, Suite 119",Phoenix,AZ,85012,480-773-9907,,54283,Ryan Hill,543312
50498,PayMeNow,11/10/2018,Yes,Ryan Carrier Company,"645 E. Missouri, Suite 119",Phoenix,AZ,85012,480-773-9907,,54283,Ryan Hill,543312
50498,PayMeNow,11/10/2018,Yes,Ryan Carrier Company,"645 E. Missouri, Suite 119",Phoenix,AZ,85012,480-773-9907,,54283,Ryan Hill,543312
50498,PayMeNow,11/10/2018,Yes,Ryan Carrier Company,"645 E. Missouri, Suite 119",Phoenix,AZ,85012,480-773-9907,,54283,Ryan Hill,543312
50498,PayMeNow,11/10/2018,Yes,Ryan Carrier Company,"645 E. Missouri, Suite 119",Phoenix,AZ,85012,480-773-9907,,54283,Ryan Hill,543312
50498,PayMeNow,11/10/2018,Yes,Ryan Carrier Company,"645 E. Missouri, Suite 119",Phoenix,AZ,85012,480-773-9907,,54283,Ryan Hill,543312
50498,PayMeNow,11/10/2018,Yes,Ryan Carrier Company,"645 E. Missouri, Suite 119",Phoenix,AZ,85012,480-773-9907,,54283,Ryan Hill,543312
50498,PayMeNow,11/10/2018,Yes,Ryan Carrier Company,"645 E. Missouri, Suite 119",Phoenix,AZ,85012,480-773-9907,,54283,Ryan Hill,543312
50498,PayMeNow,11/10/2018,Yes,Ryan Carrier Company,"645 E. Missouri, Suite 119",Phoenix,AZ,85012,480-773-9907,,54283,Ryan Hill,543312
50498,PayMeNow,11/10/2018,Yes,Ryan Carrier Company,"645 E. Missouri, Suite 119",Phoenix,AZ,85012,480-773-9907,,54283,Ryan Hill,543312
50498,PayMeNow,11/10/2018,Yes,Ryan Carrier Company,"645 E. Missouri, Suite 119",Phoenix,AZ,85012,480-773-9907,,54283,Ryan Hill,543312
50498,PayMeNow,11/10/2018,Yes,Ryan Carrier Company,"645 E. Missouri, Suite 119",Phoenix,AZ,85012,480-773-9907,,54283,Ryan Hill,543312
50498,PayMeNow,11/10/2018,Yes,Ryan Carrier Company,"645 E. Missouri, Suite 119",Phoenix,AZ,85012,480-773-9907,,54283,Ryan Hill,543312
50498,PayMeNow,11/10/2018,Yes,Ryan Carrier Company,"645 E. Missouri, Suite 119",Phoenix,AZ,85012,480-773-9907,,54283,Ryan Hill,543312
50498,PayMeNow,11/10/2018,Yes,Ryan Carrier Company,"645 E. Missouri, Suite 119",Phoenix,AZ,85012,480-773-9907,,54283,Ryan Hill,543312
50498,PayMeNow,11/10/2018,Yes,Ryan Carrier Company,"645 E. Missouri, Suite 119",Phoenix,AZ,85012,480-773-9907,,54283,Ryan Hill,543312
50498,PayMeNow,11/10/2018,Yes,Ryan Carrier Company,"645 E. Missouri, Suite 119",Phoenix,AZ,85012,480-773-9907,,54283,Ryan Hill,543312
50498,PayMeNow,11/10/2018,Yes,Ryan Carrier Company,"645 E. Missouri, Suite 119",Phoenix,AZ,85012,480-773-9907,,54283,Ryan Hill,543312
50498,PayMeNow,11/10/2018,Yes,Ryan Carrier Company,"645 E. Missouri, Suite 119",Phoenix,AZ,85012,480-773-9907,,54283,Ryan Hill,543312
50498,PayMeNow,11/10/2018,Yes,Ryan Carrier Company,"645 E. Missouri, Suite 119",Phoenix,AZ,85012,480-773-9907,,54283,Ryan Hill,543312
50498,PayMeNow,11/10/2018,Yes,Ryan Carrier Company,"645 E. Missouri, Suite 119",Phoenix,AZ,85012,480-773-9907,,54283,Ryan Hill,543312
50498,PayMeNow,11/10/2018,Yes,Ryan Carrier Company,"645 E. Missouri, Suite 119",Phoenix,AZ,85012,480-773-9907,,54283,Ryan Hill,543312
50498,PayMeNow,11/10/2018,Yes,Ryan Carrier Company,"645 E. Missouri, Suite 119",Phoenix,AZ,85012,480-773-9907,,54283,Ryan Hill,543312
50498,PayMeNow,11/10/2018,Yes,Ryan Carrier Company,"645 E. Missouri, Suite 119",Phoenix,AZ,85012,480-773-9907,,54283,Ryan Hill,543312
50498,PayMeNow,11/10/2018,Yes,Ryan Carrier Company,"645 E. Missouri, Suite 119",Phoenix,AZ,85012,480-773-9907,,54283,Ryan Hill,543312
50498,PayMeNow,11/10/2018,Yes,Ryan Carrier Company,"645 E. Missouri, Suite 119",Phoenix,AZ,85012,480-773-9907,,54283,Ryan Hill,543312
50498,PayMeNow,11/10/2018,Yes,Ryan Carrier Company,"645 E. Missouri, Suite 119",Phoenix,AZ,85012,480-773-9907,,54283,Ryan Hill,543312
50498,PayMeNow,11/10/2018,Yes,Ryan Carrier Company,"645 E. Missouri, Suite 119",Phoenix,AZ,85012,480-773-9907,,54283,Ryan Hill,543312
50498,PayMeNow,11/10/2018,Yes,Ryan Carrier Company,"645 E. Missouri, Suite 119",Phoenix,AZ,85012,480-773-9907,,54283,Ryan Hill,543312
50498,PayMeNow,11/10/2018,Yes,Ryan Carrier Company,"645 E. Missouri, Suite 119",Phoenix,AZ,85012,480-773-9907,,54283,Ryan Hill,543312
50498,PayMeNow,11/10/2018,Yes,Ryan Carrier Company,"645 E. Missouri, Suite 119",Phoenix,AZ,85012,480-773-9907,,54283,Ryan Hill,543312
50498,PayMeNow,11/10/2018,Yes,Ryan Carrier Company,"645 E. Missouri, Suite 119",Phoenix,AZ,85012,480-773-9907,,54283,Ryan Hill,543312
50498,PayMeNow,11/10/2018,Yes,Ryan Carrier Company,"645 E. Missouri, Suite 119",Phoenix,AZ,85012,480-773-9907,,54283,Ryan Hill,543312
50498,PayMeNow,11/10/2018,Yes,Ryan Carrier Company,"645 E. Missouri, Suite 119",Phoenix,AZ,85012,480-773-9907,,54283,Ryan Hill,543312
50498,PayMeNow,11/10/2018,Yes,Ryan Carrier Company,"645 E. Missouri, Suite 119",Phoenix,AZ,85012,480-773-9907,,54283,Ryan Hill,543312
50498,PayMeNow,11/10/2018,Yes,Ryan Carrier Company,"645 E. Missouri, Suite 119",Phoenix,AZ,85012,480-773-9907,,54283,Ryan Hill,543312
50498,PayMeNow,11/10/2018,Yes,Ryan Carrier Company,"645 E. Missouri, Suite 119",Phoenix,AZ,85012,480-773-9907,,54283,Ryan Hill,543312
50498,PayMeNow,11/10/2018,Yes,Ryan Carrier Company,"645 E. Missouri, Suite 119",Phoenix,AZ,85012,480-773-9907,,54283,Ryan Hill,543312
50498,PayMeNow,11/10/2018,Yes,Ryan Carrier Company,"645 E. Missouri, Suite 119",Phoenix,AZ,85012,480-773-9907,,54283,Ryan Hill,543312
50498,PayMeNow,11/10/2018,Yes,Ryan Carrier Company,"645 E. Missouri, Suite 119",Phoenix,AZ,85012,480-773-9907,,54283,Ryan Hill,543312
50498,PayMeNow,11/10/2018,Yes,Ryan Carrier Company,"645 E. Missouri, Suite 119",Phoenix,AZ,85012,480-773-9907,,54283,Ryan Hill,543312
50498,PayMeNow,11/10/2018,Yes,Ryan Carrier Company,"645 E. Missouri, Suite 119",Phoenix,AZ,85012,480-773-9907,,54283,Ryan Hill,543312
50498,PayMeNow,11/10/2018,Yes,Ryan Carrier Company,"645 E. Missouri, Suite 119",Phoenix,AZ,85012,480-773-9907,,54283,Ryan Hill,543312
50498,PayMeNow,11/10/2018,Yes,Ryan Carrier Company,"645 E. Missouri, Suite 119",Phoenix,AZ,85012,480-773-9907,,54283,Ryan Hill,543312
50498,PayMeNow,11/10/2018,Yes,Ryan Carrier Company,"645 E. Missouri, Suite 119",Phoenix,AZ,85012,480-773-9907,,54283,Ryan Hill,543312
50498,PayMeNow,11/10/2018,Yes,Ryan Carrier Company,"645 E. Missouri, Suite 119",Phoenix,AZ,85012,480-773-9907,,54283,Ryan Hill,543312
50498,PayMeNow,11/10/2018,Yes,Ryan Carrier Company,"645 E. Missouri, Suite 119",Phoenix,AZ,85012,480-773-9907,,54283,Ryan Hill,543312
50498,PayMeNow,11/10/2018,Yes,Ryan Carrier Company,"645 E. Missouri, Suite 119",Phoenix,AZ,85012,480-773-9907,,54283,Ryan Hill,543312
50498,PayMeNow,11/10/2018,Yes,Ryan Carrier Company,"645 E. Missouri, Suite 119",Phoenix,AZ,85012,480-773-9907,,54283,Ryan Hill,543312
50498,PayMeNow,11/10/2018,Yes,Ryan Carrier Company,"645 E. Missouri, Suite 119",Phoenix,AZ,85012,480-773-9907,,54283,Ryan Hill,543312
50498,PayMeNow,11/10/2018,Yes,Ryan Carrier Company,"645 E. Missouri, Suite 119",Phoenix,AZ,85012,480-773-9907,,54283,Ryan Hill,543312
50498,PayMeNow,11/10/2018,Yes,Ryan Carrier Company,"645 E. Missouri, Suite 119",Phoenix,AZ,85012,480-773-9907,,54283,Ryan Hill,543312
50498,PayMeNow,11/10/2018,Yes,Ryan Carrier Company,"645 E. Missouri, Suite 119",Phoenix,AZ,85012,480-773-9907,,54283,Ryan Hill,543312
50498,PayMeNow,11/10/2018,Yes,Ryan Carrier Company,"645 E. Missouri, Suite 119",Phoenix,AZ,85012,480-773-9907,,54283,Ryan Hill,543312
50498,PayMeNow,11/10/2018,Yes,Ryan Carrier Company,"645 E. Missouri, Suite 119",Phoenix,AZ,85012,480-773-9907,,54283,Ryan Hill,543312
50498,PayMeNow,11/10/2018,Yes,Ryan Carrier Company,"645 E. Missouri, Suite 119",Phoenix,AZ,85012,480-773-9907,,54283,Ryan Hill,543312
50498,PayMeNow,11/10/2018,Yes,Ryan Carrier Company,"645 E. Missouri, Suite 119",Phoenix,AZ,85012,480-773-9907,,54283,Ryan Hill,543312
50498,PayMeNow,11/10/2018,Yes,Ryan Carrier Company,"645 E. Missouri, Suite 119",Phoenix,AZ,85012,480-773-9907,,54283,Ryan Hill,543312
50498,PayMeNow,11/10/2018,Yes,Ryan Carrier Company,"645 E. Missouri, Suite 119",Phoenix,AZ,85012,480-773-9907,,54283,Ryan Hill,543312
50498,PayMeNow,11/10/2018,Yes,Ryan Carrier Company,"645 E. Missouri, Suite 119",Phoenix,AZ,85012,480-773-9907,,54283,Ryan Hill,543312
50498,PayMeNow,11/10/2018,Yes,Ryan Carrier Company,"645 E. Missouri, Suite 119",Phoenix,AZ,85012,480-773-9907,,54283,Ryan Hill,543312
50498,PayMeNow,11/10/2018,Yes,Ryan Carrier Company,"645 E. Missouri, Suite 119",Phoenix,AZ,85012,480-773-9907,,54283,Ryan Hill,543312
50498,PayMeNow,11/10/2018,Yes,Ryan Carrier Company,"645 E. Missouri, Suite 119",Phoenix,AZ,85012,480-773-9907,,54283,Ryan Hill,543312
50498,PayMeNow,11/10/2018,Yes,Ryan Carrier Company,"645 E. Missouri, Suite 119",Phoenix,AZ,85012,480-773-9907,,54283,Ryan Hill,543312
50498,PayMeNow,11/10/2018,Yes,Ryan Carrier Company,"645 E. Missouri, Suite 119",Phoenix,AZ,85012,480-773-9907,,54283,Ryan Hill,543312
50498,PayMeNow,11/10/2018,Yes,Ryan Carrier Company,"645 E. Missouri, Suite 119",Phoenix,AZ,85012,480-773-9907,,54283,Ryan Hill,543312
50498,PayMeNow,11/10/2018,Yes,Ryan Carrier Company,"645 E. Missouri, Suite 119",Phoenix,AZ,85012,480-773-9907,,54283,Ryan Hill,543312
50498,PayMeNow,11/10/2018,Yes,Ryan Carrier Company,"645 E. Missouri, Suite 119",Phoenix,AZ,85012,480-773-9907,,54283,Ryan Hill,543312
50498,PayMeNow,11/10/2018,Yes,Ryan Carrier Company,"645 E. Missouri, Suite 119",Phoenix,AZ,85012,480-773-9907,,54283,Ryan Hill,543312
50498,PayMeNow,11/10/2018,Yes,Ryan Carrier Company,"645 E. Missouri, Suite 119",Phoenix,AZ,85012,480-773-9907,,54283,Ryan Hill,543312
50498,PayMeNow,11/10/2018,Yes,Ryan Carrier Company,"645 E. Missouri, Suite 119",Phoenix,AZ,85012,480-773-9907,,54283,Ryan Hill,543312
50498,PayMeNow,11/10/2018,Yes,Ryan Carrier Company,"645 E. Missouri, Suite 119",Phoenix,AZ,85012,480-773-9907,,54283,Ryan Hill,543312
50498,PayMeNow,11/10/2018,Yes,Ryan Carrier Company,"645 E. Missouri, Suite 119",Phoenix,AZ,85012,480-773-9907,,54283,Ryan Hill,543312
50498,PayMeNow,11/10/2018,Yes,Ryan Carrier Company,"645 E. Missouri, Suite 119",Phoenix,AZ,85012,480-773-9907,,54283,Ryan Hill,543312
50498,PayMeNow,11/10/2018,Yes,Ryan Carrier Company,"645 E. Missouri, Suite 119",Phoenix,AZ,85012,480-773-9907,,54283,Ryan Hill,543312
50498,PayMeNow,11/10/2018,Yes,Ryan Carrier Company,"645 E. Missouri, Suite 119",Phoenix,AZ,85012,480-773-9907,,54283,Ryan Hill,543312
50498,PayMeNow,11/10/2018,Yes,Ryan Carrier Company,"645 E. Missouri, Suite 119",Phoenix,AZ,85012,480-773-9907,,54283,Ryan Hill,543312
50498,PayMeNow,11/10/2018,Yes,Ryan Carrier Company,"645 E. Missouri, Suite 119",Phoenix,AZ,85012,480-773-9907,,54283,Ryan Hill,543312
50498,PayMeNow,11/10/2018,Yes,Ryan Carrier Company,"645 E. Missouri, Suite 119",Phoenix,AZ,85012,480-773-9907,,54283,Ryan Hill,543312
50498,PayMeNow,11/10/2018,Yes,Ryan Carrier Company,"645 E. Missouri, Suite 119",Phoenix,AZ,85012,480-773-9907,,54283,Ryan Hill,543312
50498,PayMeNow,11/10/2018,Yes,Ryan Carrier Company,"645 E. Missouri, Suite 119",Phoenix,AZ,85012,480-773-9907,,54283,Ryan Hill,543312
50498,PayMeNow,11/10/2018,Yes,Ryan Carrier Company,"645 E. Missouri, Suite 119",Phoenix,AZ,85012,480-773-9907,,54283,Ryan Hill,543312
50498,PayMeNow,11/10/2018,Yes,Ryan Carrier Company,"645 E. Missouri, Suite 119",Phoenix,AZ,85012,480-773-9907,,54283,Ryan Hill,543312
50498,PayMeNow,11/10/2018,Yes,Ryan Carrier Company,"645 E. Missouri, Suite 119",Phoenix,AZ,85012,480-773-9907,,54283,Ryan Hill,543312
50498,PayMeNow,11/10/2018,Yes,Ryan Carrier Company,"645 E. Missouri, Suite 119",Phoenix,AZ,85012,480-773-9907,,54283,Ryan Hill,543312
50498,PayMeNow,11/10/2018,Yes,Ryan Carrier Company,"645 E. Missouri, Suite 119",Phoenix,AZ,85012,480-773-9907,,54283,Ryan Hill,543312
50498,PayMeNow,11/10/2018,Yes,Ryan Carrier Company,"645 E. Missouri, Suite 119",Phoenix,AZ,85012,480-773-9907,,54283,Ryan Hill,543312
50498,PayMeNow,11/10/2018,Yes,Ryan Carrier Company,"645 E. Missouri, Suite 119",Phoenix,AZ,85012,480-773-9907,,54283,Ryan Hill,543312
50498,PayMeNow,11/10/2018,Yes,Ryan Carrier Company,"645 E. Missouri, Suite 119",Phoenix,AZ,85012,480-773-9907,,54283,Ryan Hill,543312
50498,PayMeNow,11/10/2018,Yes,Ryan Carrier Company,"645 E. Missouri, Suite 119",Phoenix,AZ,85012,480-773-9907,,54283,Ryan Hill,543312
50498,PayMeNow,11/10/2018,Yes,Ryan Carrier Company,"645 E. Missouri, Suite 119",Phoenix,AZ,85012,480-773-9907,,54283,Ryan Hill,543312
50498,PayMeNow,11/10/2018,Yes,Ryan Carrier Company,"645 E. Missouri, Suite 119",Phoenix,AZ,85012,480-773-9907,,54283,Ryan Hill,543312
50498,PayMeNow,11/10/2018,Yes,Ryan Carrier Company,"645 E. Missouri, Suite 119",Phoenix,AZ,85012,480-773-9907,,54283,Ryan Hill,543312
50498,PayMeNow,11/10/2018,Yes,Ryan Carrier Company,"645 E. Missouri, Suite 119",Phoenix,AZ,85012,480-773-9907,,54283,Ryan Hill,543312
50498,PayMeNow,11/10/2018,Yes,Ryan Carrier Company,"645 E. Missouri, Suite 119",Phoenix,AZ,85012,480-773-9907,,54283,Ryan Hill,543312
50498,PayMeNow,11/10/2018,Yes,Ryan Carrier Company,"645 E. Missouri, Suite 119",Phoenix,AZ,85012,480-773-9907,,54283,Ryan Hill,543312
50498,PayMeNow,11/10/2018,Yes,Ryan Carrier Company,"645 E. Missouri, Suite 119",Phoenix,AZ,85012,480-773-9907,,54283,Ryan Hill,543312
50498,PayMeNow,11/10/2018,Yes,Ryan Carrier Company,"645 E. Missouri, Suite 119",Phoenix,AZ,85012,480-773-9907,,54283,Ryan Hill,543312
50498,PayMeNow,11/10/2018,Yes,Ryan Carrier Company,"645 E. Missouri, Suite 119",Phoenix,AZ,85012,480-773-9907,,54283,Ryan Hill,543312
50498,PayMeNow,11/10/2018,Yes,Ryan Carrier Company,"645 E. Missouri, Suite 119",Phoenix,AZ,85012,480-773-9907,,54283,Ryan Hill,543312
50498,PayMeNow,11/10/2018,Yes,Ryan Carrier Company,"645 E. Missouri, Suite 119",Phoenix,AZ,85012,480-773-9907,,54283,Ryan Hill,543312
50498,PayMeNow,11/10/2018,Yes,Ryan Carrier Company,"645 E. Missouri, Suite 119",Phoenix,AZ,85012,480-773-9907,,54283,Ryan Hill,543312
50498,PayMeNow,11/10/2018,Yes,Ryan Carrier Company,"645 E. Missouri, Suite 119",Phoenix,AZ,85012,480-773-9907,,54283,Ryan Hill,543312
50498,PayMeNow,11/10/2018,Yes,Ryan Carrier Company,"645 E. Missouri, Suite 119",Phoenix,AZ,85012,480-773-9907,,54283,Ryan Hill,543312
50498,PayMeNow,11/10/2018,Yes,Ryan Carrier Company,"645 E. Missouri, Suite 119",Phoenix,AZ,85012,480-773-9907,,54283,Ryan Hill,543312
50498,PayMeNow,11/10/2018,Yes,Ryan Carrier Company,"645 E. Missouri, Suite 119",Phoenix,AZ,85012,480-773-9907,,54283,Ryan Hill,543312
50498,PayMeNow,11/10/2018,Yes,Ryan Carrier Company,"645 E. Missouri, Suite 119",Phoenix,AZ,85012,480-773-9907,,54283,Ryan Hill,543312
50498,PayMeNow,11/10/2018,Yes,Ryan Carrier Company,"645 E. Missouri, Suite 119",Phoenix,AZ,85012,480-773-9907,,54283,Ryan Hill,543312
50498,PayMeNow,11/10/2018,Yes,Ryan Carrier Company,"645 E. Missouri, Suite 119",Phoenix,AZ,85012,480-773-9907,,54283,Ryan Hill,543312
50498,PayMeNow,11/10/2018,Yes,Ryan Carrier Company,"645 E. Missouri, Suite 119",Phoenix,AZ,85012,480-773-9907,,54283,Ryan Hill,543312
50498,PayMeNow,11/10/2018,Yes,Ryan Carrier Company,"645 E. Missouri, Suite 119",Phoenix,AZ,85012,480-773-9907,,54283,Ryan Hill,543312
50498,PayMeNow,11/10/2018,Yes,Ryan Carrier Company,"645 E. Missouri, Suite 119",Phoenix,AZ,85012,480-773-9907,,54283,Ryan Hill,543312
50498,PayMeNow,11/10/2018,Yes,Ryan Carrier Company,"645 E. Missouri, Suite 119",Phoenix,AZ,85012,480-773-9907,,54283,Ryan Hill,543312
50498,PayMeNow,11/10/2018,Yes,Ryan Carrier Company,"645 E. Missouri, Suite 119",Phoenix,AZ,85012,480-773-9907,,54283,Ryan Hill,543312
50498,PayMeNow,11/10/2018,Yes,Ryan Carrier Company,"645 E. Missouri, Suite 119",Phoenix,AZ,85012,480-773-9907,,54283,Ryan Hill,543312
50498,PayMeNow,11/10/2018,Yes,Ryan Carrier Company,"645 E. Missouri, Suite 119",Phoenix,AZ,85012,480-773-9907,,54283,Ryan Hill,543312
50498,PayMeNow,11/10/2018,Yes,Ryan Carrier Company,"645 E. Missouri, Suite 119",Phoenix,AZ,85012,480-773-9907,,54283,Ryan Hill,543312
50498,PayMeNow,11/10/2018,Yes,Ryan Carrier Company,"645 E. Missouri, Suite 119",Phoenix,AZ,85012,480-773-9907,,54283,Ryan Hill,543312
50498,PayMeNow,11/10/2018,Yes,Ryan Carrier Company,"645 E. Missouri, Suite 119",Phoenix,AZ,85012,480-773-9907,,54283,Ryan Hill,543312
50498,PayMeNow,11/10/2018,Yes,Ryan Carrier Company,"645 E. Missouri, Suite 119",Phoenix,AZ,85012,480-773-9907,,54283,Ryan Hill,543312
50498,PayMeNow,11/10/2018,Yes,Ryan Carrier Company,"645 E. Missouri, Suite 119",Phoenix,AZ,85012,480-773-9907,,54283,Ryan Hill,543312
50498,PayMeNow,11/10/2018,Yes,Ryan Carrier Company,"645 E. Missouri, Suite 119",Phoenix,AZ,85012,480-773-9907,,54283,Ryan Hill,543312
50498,PayMeNow,11/10/2018,Yes,Ryan Carrier Company,"645 E. Missouri, Suite 119",Phoenix,AZ,85012,480-773-9907,,54283,Ryan Hill,543312
50498,PayMeNow,11/10/2018,Yes,Ryan Carrier Company,"645 E. Missouri, Suite 119",Phoenix,AZ,85012,480-773-9907,,54283,Ryan Hill,543312
50498,PayMeNow,11/10/2018,Yes,Ryan Carrier Company,"645 E. Missouri, Suite 119",Phoenix,AZ,85012,480-773-9907,,54283,Ryan Hill,543312
50498,PayMeNow,11/10/2018,Yes,Ryan Carrier Company,"645 E. Missouri, Suite 119",Phoenix,AZ,85012,480-773-9907,,54283,Ryan Hill,543312
50498,PayMeNow,11/10/2018,Yes,Ryan Carrier Company,"645 E. Missouri, Suite 119",Phoenix,AZ,85012,480-773-9907,,54283,Ryan Hill,543312
50498,PayMeNow,11/10/2018,Yes,Ryan Carrier Company,"645 E. Missouri, Suite 119",Phoenix,AZ,85012,480-773-9907,,54283,Ryan Hill,543312
50498,PayMeNow,11/10/2018,Yes,Ryan Carrier Company,"645 E. Missouri, Suite 119",Phoenix,AZ,85012,480-773-9907,,54283,Ryan Hill,543312
50498,PayMeNow,11/10/2018,Yes,Ryan Carrier Company,"645 E. Missouri, Suite 119",Phoenix,AZ,85012,480-773-9907,,54283,Ryan Hill,543312
50498,PayMeNow,11/10/2018,Yes,Ryan Carrier Company,"645 E. Missouri, Suite 119",Phoenix,AZ,85012,480-773-9907,,54283,Ryan Hill,543312
50498,PayMeNow,11/10/2018,Yes,Ryan Carrier Company,"645 E. Missouri, Suite 119",Phoenix,AZ,85012,480-773-9907,,54283,Ryan Hill,543312
50498,PayMeNow,11/10/2018,Yes,Ryan Carrier Company,"645 E. Missouri, Suite 119",Phoenix,AZ,85012,480-773-9907,,54283,Ryan Hill,543312
50498,PayMeNow,11/10/2018,Yes,Ryan Carrier Company,"645 E. Missouri, Suite 119",Phoenix,AZ,85012,480-773-9907,,54283,Ryan Hill,543312
50498,PayMeNow,11/10/2018,Yes,Ryan Carrier Company,"645 E. Missouri, Suite 119",Phoenix,AZ,85012,480-773-9907,,54283,Ryan Hill,543312
50498,PayMeNow,11/10/2018,Yes,Ryan Carrier Company,"645 E. Missouri, Suite 119",Phoenix,AZ,85012,480-773-9907,,54283,Ryan Hill,543312
50498,PayMeNow,11/10/2018,Yes,Ryan Carrier Company,"645 E. Missouri, Suite 119",Phoenix,AZ,85012,480-773-9907,,54283,Ryan Hill,543312
50498,PayMeNow,11/10/2018,Yes,Ryan Carrier Company,"645 E. Missouri, Suite 119",Phoenix,AZ,85012,480-773-9907,,54283,Ryan Hill,543312
50498,PayMeNow,11/10/2018,Yes,Ryan Carrier Company,"645 E. Missouri, Suite 119",Phoenix,AZ,85012,480-773-9907,,54283,Ryan Hill,543312
50498,PayMeNow,11/10/2018,Yes,Ryan Carrier Company,"645 E. Missouri, Suite 119",Phoenix,AZ,85012,480-773-9907,,54283,Ryan Hill,543312
50498,PayMeNow,11/10/2018,Yes,Ryan Carrier Company,"645 E. Missouri, Suite 119",Phoenix,AZ,85012,480-773-9907,,54283,Ryan Hill,543312
50498,PayMeNow,11/10/2018,Yes,Ryan Carrier Company,"645 E. Missouri, Suite 119",Phoenix,AZ,85012,480-773-9907,,54283,Ryan Hill,543312
50498,PayMeNow,11/10/2018,Yes,Ryan Carrier Company,"645 E. Missouri, Suite 119",Phoenix,AZ,85012,480-773-9907,,54283,Ryan Hill,543312
50498,PayMeNow,11/10/2018,Yes,Ryan Carrier Company,"645 E. Missouri, Suite 119",Phoenix,AZ,85012,480-773-9907,,54283,Ryan Hill,543312
50498,PayMeNow,11/10/2018,Yes,Ryan Carrier Company,"645 E. Missouri, Suite 119",Phoenix,AZ,85012,480-773-9907,,54283,Ryan Hill,543312
50498,PayMeNow,11/10/2018,Yes,Ryan Carrier Company,"645 E. Missouri, Suite 119",Phoenix,AZ,85012,480-773-9907,,54283,Ryan Hill,543312
50498,PayMeNow,11/10/2018,Yes,Ryan Carrier Company,"645 E. Missouri, Suite 119",Phoenix,AZ,85012,480-773-9907,,54283,Ryan Hill,543312
50498,PayMeNow,11/10/2018,Yes,Ryan Carrier Company,"645 E. Missouri, Suite 119",Phoenix,AZ,85012,480-773-9907,,54283,Ryan Hill,543312
50498,PayMeNow,11/10/2018,Yes,Ryan Carrier Company,"645 E. Missouri, Suite 119",Phoenix,AZ,85012,480-773-9907,,54283,Ryan Hill,543312
50498,PayMeNow,11/10/2018,Yes,Ryan Carrier Company,"645 E. Missouri, Suite 119",Phoenix,AZ,85012,480-773-9907,,54283,Ryan Hill,543312
50498,PayMeNow,11/10/2018,Yes,Ryan Carrier Company,"645 E. Missouri, Suite 119",Phoenix,AZ,85012,480-773-9907,,54283,Ryan Hill,543312
50498,PayMeNow,11/10/2018,Yes,Ryan Carrier Company,"645 E. Missouri, Suite 119",Phoenix,AZ,85012,480-773-9907,,54283,Ryan Hill,543312
50498,PayMeNow,11/10/2018,Yes,Ryan Carrier Company,"645 E. Missouri, Suite 119",Phoenix,AZ,85012,480-773-9907,,54283,Ryan Hill,543312
50498,PayMeNow,11/10/2018,Yes,Ryan Carrier Company,"645 E. Missouri, Suite 119",Phoenix,AZ,85012,480-773-9907,,54283,Ryan Hill,543312
50498,PayMeNow,11/10/2018,Yes,Ryan Carrier Company,"645 E. Missouri, Suite 119",Phoenix,AZ,85012,480-773-9907,,54283,Ryan Hill,543312
50498,PayMeNow,11/10/2018,Yes,Ryan Carrier Company,"645 E. Missouri, Suite 119",Phoenix,AZ,85012,480-773-9907,,54283,Ryan Hill,543312
50498,PayMeNow,11/10/2018,Yes,Ryan Carrier Company,"645 E. Missouri, Suite 119",Phoenix,AZ,85012,480-773-9907,,54283,Ryan Hill,543312
50498,PayMeNow,11/10/2018,Yes,Ryan Carrier Company,"645 E. Missouri, Suite 119",Phoenix,AZ,85012,480-773-9907,,54283,Ryan Hill,543312
50498,PayMeNow,11/10/2018,Yes,Ryan Carrier Company,"645 E. Missouri, Suite 119",Phoenix,AZ,85012,480-773-9907,,54283,Ryan Hill,543312
50498,PayMeNow,11/10/2018,Yes,Ryan Carrier Company,"645 E. Missouri, Suite 119",Phoenix,AZ,85012,480-773-9907,,54283,Ryan Hill,543312
50498,PayMeNow,11/10/2018,Yes,Ryan Carrier Company,"645 E. Missouri, Suite 119",Phoenix,AZ,85012,480-773-9907,,54283,Ryan Hill,543312
50498,PayMeNow,11/10/2018,Yes,Ryan Carrier Company,"645 E. Missouri, Suite 119",Phoenix,AZ,85012,480-773-9907,,54283,Ryan Hill,543312
50498,PayMeNow,11/10/2018,Yes,Ryan Carrier Company,"645 E. Missouri, Suite 119",Phoenix,AZ,85012,480-773-9907,,54283,Ryan Hill,543312
50498,PayMeNow,11/10/2018,Yes,Ryan Carrier Company,"645 E. Missouri, Suite 119",Phoenix,AZ,85012,480-773-9907,,54283,Ryan Hill,543312
50498,PayMeNow,11/10/2018,Yes,Ryan Carrier Company,"645 E. Missouri, Suite 119",Phoenix,AZ,85012,480-773-9907,,54283,Ryan Hill,543312
50498,PayMeNow,11/10/2018,Yes,Ryan Carrier Company,"645 E. Missouri, Suite 119",Phoenix,AZ,85012,480-773-9907,,54283,Ryan Hill,543312
50498,PayMeNow,11/10/2018,Yes,Ryan Carrier Company,"645 E. Missouri, Suite 119",Phoenix,AZ,85012,480-773-9907,,54283,Ryan Hill,543312
50498,PayMeNow,11/10/2018,Yes,Ryan Carrier Company,"645 E. Missouri, Suite 119",Phoenix,AZ,85012,480-773-9907,,54283,Ryan Hill,543312
50498,PayMeNow,11/10/2018,Yes,Ryan Carrier Company,"645 E. Missouri, Suite 119",Phoenix,AZ,85012,480-773-9907,,54283,Ryan Hill,543312
50498,PayMeNow,11/10/2018,Yes,Ryan Carrier Company,"645 E. Missouri, Suite 119",Phoenix,AZ,85012,480-773-9907,,54283,Ryan Hill,543312
50498,PayMeNow,11/10/2018,Yes,Ryan Carrier Company,"645 E. Missouri, Suite 119",Phoenix,AZ,85012,480-773-9907,,54283,Ryan Hill,543312
50498,PayMeNow,11/10/2018,Yes,Ryan Carrier Company,"645 E. Missouri, Suite 119",Phoenix,AZ,85012,480-773-9907,,54283,Ryan Hill,543312
50498,PayMeNow,11/10/2018,Yes,Ryan Carrier Company,"645 E. Missouri, Suite 119",Phoenix,AZ,85012,480-773-9907,,54283,Ryan Hill,543312
50498,PayMeNow,11/10/2018,Yes,Ryan Carrier Company,"645 E. Missouri, Suite 119",Phoenix,AZ,85012,480-773-9907,,54283,Ryan Hill,543312
50498,PayMeNow,11/10/2018,Yes,Ryan Carrier Company,"645 E. Missouri, Suite 119",Phoenix,AZ,85012,480-773-9907,,54283,Ryan Hill,543312
50498,PayMeNow,11/10/2018,Yes,Ryan Carrier Company,"645 E. Missouri, Suite 119",Phoenix,AZ,85012,480-773-9907,,54283,Ryan Hill,543312
50498,PayMeNow,11/10/2018,Yes,Ryan Carrier Company,"645 E. Missouri, Suite 119",Phoenix,AZ,85012,480-773-9907,,54283,Ryan Hill,543312
50498,PayMeNow,11/10/2018,Yes,Ryan Carrier Company,"645 E. Missouri, Suite 119",Phoenix,AZ,85012,480-773-9907,,54283,Ryan Hill,543312
50498,PayMeNow,11/10/2018,Yes,Ryan Carrier Company,"645 E. Missouri, Suite 119",Phoenix,AZ,85012,480-773-9907,,54283,Ryan Hill,543312
50498,PayMeNow,11/10/2018,Yes,Ryan Carrier Company,"645 E. Missouri, Suite 119",Phoenix,AZ,85012,480-773-9907,,54283,Ryan Hill,543312
50498,PayMeNow,11/10/2018,Yes,Ryan Carrier Company,"645 E. Missouri, Suite 119",Phoenix,AZ,85012,480-773-9907,,54283,Ryan Hill,543312
50498,PayMeNow,11/10/2018,Yes,Ryan Carrier Company,"645 E. Missouri, Suite 119",Phoenix,AZ,85012,480-773-9907,,54283,Ryan Hill,543312
50498,PayMeNow,11/10/2018,Yes,Ryan Carrier Company,"645 E. Missouri, Suite 119",Phoenix,AZ,85012,480-773-9907,,54283,Ryan Hill,543312
50498,PayMeNow,11/10/2018,Yes,Ryan Carrier Company,"645 E. Missouri, Suite 119",Phoenix,AZ,85012,480-773-9907,,54283,Ryan Hill,543312
50498,PayMeNow,11/10/2018,Yes,Ryan Carrier Company,"645 E. Missouri, Suite 119",Phoenix,AZ,85012,480-773-9907,,54283,Ryan Hill,543312
50498,PayMeNow,11/10/2018,Yes,Ryan Carrier Company,"645 E. Missouri, Suite 119",Phoenix,AZ,85012,480-773-9907,,54283,Ryan Hill,543312
50498,PayMeNow,11/10/2018,Yes,Ryan Carrier Company,"645 E. Missouri, Suite 119",Phoenix,AZ,85012,480-773-9907,,54283,Ryan Hill,543312
50498,PayMeNow,11/10/2018,Yes,Ryan Carrier Company,"645 E. Missouri, Suite 119",Phoenix,AZ,85012,480-773-9907,,54283,Ryan Hill,543312
50498,PayMeNow,11/10/2018,Yes,Ryan Carrier Company,"645 E. Missouri, Suite 119",Phoenix,AZ,85012,480-773-9907,,54283,Ryan Hill,543312
50498,PayMeNow,11/10/2018,Yes,Ryan Carrier Company,"645 E. Missouri, Suite 119",Phoenix,AZ,85012,480-773-9907,,54283,Ryan Hill,543312
50498,PayMeNow,11/10/2018,Yes,Ryan Carrier Company,"645 E. Missouri, Suite 119",Phoenix,AZ,85012,480-773-9907,,54283,Ryan Hill,543312
50498,PayMeNow,11/10/2018,Yes,Ryan Carrier Company,"645 E. Missouri, Suite 119",Phoenix,AZ,85012,480-773-9907,,54283,Ryan Hill,543312
50498,PayMeNow,11/10/2018,Yes,Ryan Carrier Company,"645 E. Missouri, Suite 119",Phoenix,AZ,85012,480-773-9907,,54283,Ryan Hill,543312
50498,PayMeNow,11/10/2018,Yes,Ryan Carrier Company,"645 E. Missouri, Suite 119",Phoenix,AZ,85012,480-773-9907,,54283,Ryan Hill,543312
50498,PayMeNow,11/10/2018,Yes,Ryan Carrier Company,"645 E. Missouri, Suite 119",Phoenix,AZ,85012,480-773-9907,,54283,Ryan Hill,543312
50498,PayMeNow,11/10/2018,Yes,Ryan Carrier Company,"645 E. Missouri, Suite 119",Phoenix,AZ,85012,480-773-9907,,54283,Ryan Hill,543312
50498,PayMeNow,11/10/2018,Yes,Ryan Carrier Company,"645 E. Missouri, Suite 119",Phoenix,AZ,85012,480-773-9907,,54283,Ryan Hill,543312
50498,PayMeNow,11/10/2018,Yes,Ryan Carrier Company,"645 E. Missouri, Suite 119",Phoenix,AZ,85012,480-773-9907,,54283,Ryan Hill,543312
50498,PayMeNow,11/10/2018,Yes,Ryan Carrier Company,"645 E. Missouri, Suite 119",Phoenix,AZ,85012,480-773-9907,,54283,Ryan Hill,543312
50498,PayMeNow,11/10/2018,Yes,Ryan Carrier Company,"645 E. Missouri, Suite 119",Phoenix,AZ,85012,480-773-9907,,54283,Ryan Hill,543312
50498,PayMeNow,11/10/2018,Yes,Ryan Carrier Company,"645 E. Missouri, Suite 119",Phoenix,AZ,85012,480-773-9907,,54283,Ryan Hill,543312
50498,PayMeNow,11/10/2018,Yes,Ryan Carrier Company,"645 E. Missouri, Suite 119",Phoenix,AZ,85012,480-773-9907,,54283,Ryan Hill,543312
50498,PayMeNow,11/10/2018,Yes,Ryan Carrier Company,"645 E. Missouri, Suite 119",Phoenix,AZ,85012,480-773-9907,,54283,Ryan Hill,543312
50498,PayMeNow,11/10/2018,Yes,Ryan Carrier Company,"645 E. Missouri, Suite 119",Phoenix,AZ,85012,480-773-9907,,54283,Ryan Hill,543312
50498,PayMeNow,11/10/2018,Yes,Ryan Carrier Company,"645 E. Missouri, Suite 119",Phoenix,AZ,85012,480-773-9907,,54283,Ryan Hill,543312
50498,PayMeNow,11/10/2018,Yes,Ryan Carrier Company,"645 E. Missouri, Suite 119",Phoenix,AZ,85012,480-773-9907,,54283,Ryan Hill,543312
50498,PayMeNow,11/10/2018,Yes,Ryan Carrier Company,"645 E. Missouri, Suite 119",Phoenix,AZ,85012,480-773-9907,,54283,Ryan Hill,543312
50498,PayMeNow,11/10/2018,Yes,Ryan Carrier Company,"645 E. Missouri, Suite 119",Phoenix,AZ,85012,480-773-9907,,54283,Ryan Hill,543312
50498,PayMeNow,11/10/2018,Yes,Ryan Carrier Company,"645 E. Missouri, Suite 119",Phoenix,AZ,85012,480-773-9907,,54283,Ryan Hill,543312
50498,PayMeNow,11/10/2018,Yes,Ryan Carrier Company,"645 E. Missouri, Suite 119",Phoenix,AZ,85012,480-773-9907,,54283,Ryan Hill,543312
50498,PayMeNow,11/10/2018,Yes,Ryan Carrier Company,"645 E. Missouri, Suite 119",Phoenix,AZ,85012,480-773-9907,,54283,Ryan Hill,543312
50498,PayMeNow,11/10/2018,Yes,Ryan Carrier Company,"645 E. Missouri, Suite 119",Phoenix,AZ,85012,480-773-9907,,54283,Ryan Hill,543312
50498,PayMeNow,11/10/2018,Yes,Ryan Carrier Company,"645 E. Missouri, Suite 119",Phoenix,AZ,85012,480-773-9907,,54283,Ryan Hill,543312
50498,PayMeNow,11/10/2018,Yes,Ryan Carrier Company,"645 E. Missouri, Suite 119",Phoenix,AZ,85012,480-773-9907,,54283,Ryan Hill,543312
50498,PayMeNow,11/10/2018,Yes,Ryan Carrier Company,"645 E. Missouri, Suite 119",Phoenix,AZ,85012,480-773-9907,,54283,Ryan Hill,543312
50498,PayMeNow,11/10/2018,Yes,Ryan Carrier Company,"645 E. Missouri, Suite 119",Phoenix,AZ,85012,480-773-9907,,54283,Ryan Hill,543312
50498,PayMeNow,11/10/2018,Yes,Ryan Carrier Company,"645 E. Missouri, Suite 119",Phoenix,AZ,85012,480-773-9907,,54283,Ryan Hill,543312
50498,PayMeNow,11/10/2018,Yes,Ryan Carrier Company,"645 E. Missouri, Suite 119",Phoenix,AZ,85012,480-773-9907,,54283,Ryan Hill,543312
50498,PayMeNow,11/10/2018,Yes,Ryan Carrier Company,"645 E. Missouri, Suite 119",Phoenix,AZ,85012,480-773-9907,,54283,Ryan Hill,543312
50498,PayMeNow,11/10/2018,Yes,Ryan Carrier Company,"645 E. Missouri, Suite 119",Phoenix,AZ,85012,480-773-9907,,54283,Ryan Hill,543312
50498,PayMeNow,11/10/2018,Yes,Ryan Carrier Company,"645 E. Missouri, Suite 119",Phoenix,AZ,85012,480-773-9907,,54283,Ryan Hill,543312
50498,PayMeNow,11/10/2018,Yes,Ryan Carrier Company,"645 E. Missouri, Suite 119",Phoenix,AZ,85012,480-773-9907,,54283,Ryan Hill,543312
50498,PayMeNow,11/10/2018,Yes,Ryan Carrier Company,"645 E. Missouri, Suite 119",Phoenix,AZ,85012,480-773-9907,,54283,Ryan Hill,543312
50498,PayMeNow,11/10/2018,Yes,Ryan Carrier Company,"645 E. Missouri, Suite 119",Phoenix,AZ,85012,480-773-9907,,54283,Ryan Hill,543312
50498,PayMeNow,11/10/2018,Yes,Ryan Carrier Company,"645 E. Missouri, Suite 119",Phoenix,AZ,85012,480-773-9907,,54283,Ryan Hill,543312
50498,PayMeNow,11/10/2018,Yes,Ryan Carrier Company,"645 E. Missouri, Suite 119",Phoenix,AZ,85012,480-773-9907,,54283,Ryan Hill,543312
50498,PayMeNow,11/10/2018,Yes,Ryan Carrier Company,"645 E. Missouri, Suite 119",Phoenix,AZ,85012,480-773-9907,,54283,Ryan Hill,543312
50498,PayMeNow,11/10/2018,Yes,Ryan Carrier Company,"645 E. Missouri, Suite 119",Phoenix,AZ,85012,480-773-9907,,54283,Ryan Hill,543312
50498,PayMeNow,11/10/2018,Yes,Ryan Carrier Company,"645 E. Missouri, Suite 119",Phoenix,AZ,85012,480-773-9907,,54283,Ryan Hill,543312
50498,PayMeNow,11/10/2018,Yes,Ryan Carrier Company,"645 E. Missouri, Suite 119",Phoenix,AZ,85012,480-773-9907,,54283,Ryan Hill,543312
50498,PayMeNow,11/10/2018,Yes,Ryan Carrier Company,"645 E. Missouri, Suite 119",Phoenix,AZ,85012,480-773-9907,,54283,Ryan Hill,543312
50498,PayMeNow,11/10/2018,Yes,Ryan Carrier Company,"645 E. Missouri, Suite 119",Phoenix,AZ,85012,480-773-9907,,54283,Ryan Hill,543312
50498,PayMeNow,11/10/2018,Yes,Ryan Carrier Company,"645 E. Missouri, Suite 119",Phoenix,AZ,85012,480-773-9907,,54283,Ryan Hill,543312
50498,PayMeNow,11/10/2018,Yes,Ryan Carrier Company,"645 E. Missouri, Suite 119",Phoenix,AZ,85012,480-773-9907,,54283,Ryan Hill,543312
50498,PayMeNow,11/10/2018,Yes,Ryan Carrier Company,"645 E. Missouri, Suite 119",Phoenix,AZ,85012,480-773-9907,,54283,Ryan Hill,543312
50498,PayMeNow,11/10/2018,Yes,Ryan Carrier Company,"645 E. Missouri, Suite 119",Phoenix,AZ,85012,480-773-9907,,54283,Ryan Hill,543312
50498,PayMeNow,11/10/2018,Yes,Ryan Carrier Company,"645 E. Missouri, Suite 119",Phoenix,AZ,85012,480-773-9907,,54283,Ryan Hill,543312
50498,PayMeNow,11/10/2018,Yes,Ryan Carrier Company,"645 E. Missouri, Suite 119",Phoenix,AZ,85012,480-773-9907,,54283,Ryan Hill,543312
50498,PayMeNow,11/10/2018,Yes,Ryan Carrier Company,"645 E. Missouri, Suite 119",Phoenix,AZ,85012,480-773-9907,,54283,Ryan Hill,543312
50498,PayMeNow,11/10/2018,Yes,Ryan Carrier Company,"645 E. Missouri, Suite 119",Phoenix,AZ,85012,480-773-9907,,54283,Ryan Hill,543312
50498,PayMeNow,11/10/2018,Yes,Ryan Carrier Company,"645 E. Missouri, Suite 119",Phoenix,AZ,85012,480-773-9907,,54283,Ryan Hill,543312
50498,PayMeNow,11/10/2018,Yes,Ryan Carrier Company,"645 E. Missouri, Suite 119",Phoenix,AZ,85012,480-773-9907,,54283,Ryan Hill,543312
50498,PayMeNow,11/10/2018,Yes,Ryan Carrier Company,"645 E. Missouri, Suite 119",Phoenix,AZ,85012,480-773-9907,,54283,Ryan Hill,543312
50498,PayMeNow,11/10/2018,Yes,Ryan Carrier Company,"645 E. Missouri, Suite 119",Phoenix,AZ,85012,480-773-9907,,54283,Ryan Hill,543312
50498,PayMeNow,11/10/2018,Yes,Ryan Carrier Company,"645 E. Missouri, Suite 119",Phoenix,AZ,85012,480-773-9907,,54283,Ryan Hill,543312
50498,PayMeNow,11/10/2018,Yes,Ryan Carrier Company,"645 E. Missouri, Suite 119",Phoenix,AZ,85012,480-773-9907,,54283,Ryan Hill,543312
50498,PayMeNow,11/10/2018,Yes,Ryan Carrier Company,"645 E. Missouri, Suite 119",Phoenix,AZ,85012,480-773-9907,,54283,Ryan Hill,543312
50498,PayMeNow,11/10/2018,Yes,Ryan Carrier Company,"645 E. Missouri, Suite 119",Phoenix,AZ,85012,480-773-9907,,54283,Ryan Hill,543312
50498,PayMeNow,11/10/2018,Yes,Ryan Carrier Company,"645 E. Missouri, Suite 119",Phoenix,AZ,85012,480-773-9907,,54283,Ryan Hill,543312
50498,PayMeNow,11/10/2018,Yes,Ryan Carrier Company,"645 E. Missouri, Suite 119",Phoenix,AZ,85012,480-773-9907,,54283,Ryan Hill,543312
50498,PayMeNow,11/10/2018,Yes,Ryan Carrier Company,"645 E. Missouri, Suite 119",Phoenix,AZ,85012,480-773-9907,,54283,Ryan Hill,543312
50498,PayMeNow,11/10/2018,Yes,Ryan Carrier Company,"645 E. Missouri, Suite 119",Phoenix,AZ,85012,480-773-9907,,54283,Ryan Hill,543312
50498,PayMeNow,11/10/2018,Yes,Ryan Carrier Company,"645 E. Missouri, Suite 119",Phoenix,AZ,85012,480-773-9907,,54283,Ryan Hill,543312
50498,PayMeNow,11/10/2018,Yes,Ryan Carrier Company,"645 E. Missouri, Suite 119",Phoenix,AZ,85012,480-773-9907,,54283,Ryan Hill,543312
50498,PayMeNow,11/10/2018,Yes,Ryan Carrier Company,"645 E. Missouri, Suite 119",Phoenix,AZ,85012,480-773-9907,,54283,Ryan Hill,543312
50498,PayMeNow,11/10/2018,Yes,Ryan Carrier Company,"645 E. Missouri, Suite 119",Phoenix,AZ,85012,480-773-9907,,54283,Ryan Hill,543312
50498,PayMeNow,11/10/2018,Yes,Ryan Carrier Company,"645 E. Missouri, Suite 119",Phoenix,AZ,85012,480-773-9907,,54283,Ryan Hill,543312
50498,PayMeNow,11/10/2018,Yes,Ryan Carrier Company,"645 E. Missouri, Suite 119",Phoenix,AZ,85012,480-773-9907,,54283,Ryan Hill,543312
50498,PayMeNow,11/10/2018,Yes,Ryan Carrier Company,"645 E. Missouri, Suite 119",Phoenix,AZ,85012,480-773-9907,,54283,Ryan Hill,543312
50498,PayMeNow,11/10/2018,Yes,Ryan Carrier Company,"645 E. Missouri, Suite 119",Phoenix,AZ,85012,480-773-9907,,54283,Ryan Hill,543312
50498,PayMeNow,11/10/2018,Yes,Ryan Carrier Company,"645 E. Missouri, Suite 119",Phoenix,AZ,85012,480-773-9907,,54283,Ryan Hill,543312
50498,PayMeNow,11/10/2018,Yes,Ryan Carrier Company,"645 E. Missouri, Suite 119",Phoenix,AZ,85012,480-773-9907,,54283,Ryan Hill,543312
50498,PayMeNow,11/10/2018,Yes,Ryan Carrier Company,"645 E. Missouri, Suite 119",Phoenix,AZ,85012,480-773-9907,,54283,Ryan Hill,543312
50498,PayMeNow,11/10/2018,Yes,Ryan Carrier Company,"645 E. Missouri, Suite 119",Phoenix,AZ,85012,480-773-9907,,54283,Ryan Hill,543312
50498,PayMeNow,11/10/2018,Yes,Ryan Carrier Company,"645 E. Missouri, Suite 119",Phoenix,AZ,85012,480-773-9907,,54283,Ryan Hill,543312
50498,PayMeNow,11/10/2018,Yes,Ryan Carrier Company,"645 E. Missouri, Suite 119",Phoenix,AZ,85012,480-773-9907,,54283,Ryan Hill,543312
50498,PayMeNow,11/10/2018,Yes,Ryan Carrier Company,"645 E. Missouri, Suite 119",Phoenix,AZ,85012,480-773-9907,,54283,Ryan Hill,543312
50498,PayMeNow,11/10/2018,Yes,Ryan Carrier Company,"645 E. Missouri, Suite 119",Phoenix,AZ,85012,480-773-9907,,54283,Ryan Hill,543312
50498,PayMeNow,11/10/2018,Yes,Ryan Carrier Company,"645 E. Missouri, Suite 119",Phoenix,AZ,85012,480-773-9907,,54283,Ryan Hill,543312
50498,PayMeNow,11/10/2018,Yes,Ryan Carrier Company,"645 E. Missouri, Suite 119",Phoenix,AZ,85012,480-773-9907,,54283,Ryan Hill,543312
50498,PayMeNow,11/10/2018,Yes,Ryan Carrier Company,"645 E. Missouri, Suite 119",Phoenix,AZ,85012,480-773-9907,,54283,Ryan Hill,543312
50498,PayMeNow,11/10/2018,Yes,Ryan Carrier Company,"645 E. Missouri, Suite 119",Phoenix,AZ,85012,480-773-9907,,54283,Ryan Hill,543312
50498,PayMeNow,11/10/2018,Yes,Ryan Carrier Company,"645 E. Missouri, Suite 119",Phoenix,AZ,85012,480-773-9907,,54283,Ryan Hill,543312
50498,PayMeNow,11/10/2018,Yes,Ryan Carrier Company,"645 E. Missouri, Suite 119",Phoenix,AZ,85012,480-773-9907,,54283,Ryan Hill,543312
50498,PayMeNow,11/10/2018,Yes,Ryan Carrier Company,"645 E. Missouri, Suite 119",Phoenix,AZ,85012,480-773-9907,,54283,Ryan Hill,543312
50498,PayMeNow,11/10/2018,Yes,Ryan Carrier Company,"645 E. Missouri, Suite 119",Phoenix,AZ,85012,480-773-9907,,54283,Ryan Hill,543312
50498,PayMeNow,11/10/2018,Yes,Ryan Carrier Company,"645 E. Missouri, Suite 119",Phoenix,AZ,85012,480-773-9907,,54283,Ryan Hill,543312
50498,PayMeNow,11/10/2018,Yes,Ryan Carrier Company,"645 E. Missouri, Suite 119",Phoenix,AZ,85012,480-773-9907,,54283,Ryan Hill,543312
50498,PayMeNow,11/10/2018,Yes,Ryan Carrier Company,"645 E. Missouri, Suite 119",Phoenix,AZ,85012,480-773-9907,,54283,Ryan Hill,543312
50498,PayMeNow,11/10/2018,Yes,Ryan Carrier Company,"645 E. Missouri, Suite 119",Phoenix,AZ,85012,480-773-9907,,54283,Ryan Hill,543312
50498,PayMeNow,11/10/2018,Yes,Ryan Carrier Company,"645 E. Missouri, Suite 119",Phoenix,AZ,85012,480-773-9907,,54283,Ryan Hill,543312
50498,PayMeNow,11/10/2018,Yes,Ryan Carrier Company,"645 E. Missouri, Suite 119",Phoenix,AZ,85012,480-773-9907,,54283,Ryan Hill,543312
50498,PayMeNow,11/10/2018,Yes,Ryan Carrier Company,"645 E. Missouri, Suite 119",Phoenix,AZ,85012,480-773-9907,,54283,Ryan Hill,543312
50498,PayMeNow,11/10/2018,Yes,Ryan Carrier Company,"645 E. Missouri, Suite 119",Phoenix,AZ,85012,480-773-9907,,54283,Ryan Hill,543312
50498,PayMeNow,11/10/2018,Yes,Ryan Carrier Company,"645 E. Missouri, Suite 119",Phoenix,AZ,85012,480-773-9907,,54283,Ryan Hill,543312
50498,PayMeNow,11/10/2018,Yes,Ryan Carrier Company,"645 E. Missouri, Suite 119",Phoenix,AZ,85012,480-773-9907,,54283,Ryan Hill,543312
50498,PayMeNow,11/10/2018,Yes,Ryan Carrier Company,"645 E. Missouri, Suite 119",Phoenix,AZ,85012,480-773-9907,,54283,Ryan Hill,543312
50498,PayMeNow,11/10/2018,Yes,Ryan Carrier Company,"645 E. Missouri, Suite 119",Phoenix,AZ,85012,480-773-9907,,54283,Ryan Hill,543312
50498,PayMeNow,11/10/2018,Yes,Ryan Carrier Company,"645 E. Missouri, Suite 119",Phoenix,AZ,85012,480-773-9907,,54283,Ryan Hill,543312
50498,PayMeNow,11/10/2018,Yes,Ryan Carrier Company,"645 E. Missouri, Suite 119",Phoenix,AZ,85012,480-773-9907,,54283,Ryan Hill,543312
50498,PayMeNow,11/10/2018,Yes,Ryan Carrier Company,"645 E. Missouri, Suite 119",Phoenix,AZ,85012,480-773-9907,,54283,Ryan Hill,543312
50498,PayMeNow,11/10/2018,Yes,Ryan Carrier Company,"645 E. Missouri, Suite 119",Phoenix,AZ,85012,480-773-9907,,54283,Ryan Hill,543312
50498,PayMeNow,11/10/2018,Yes,Ryan Carrier Company,"645 E. Missouri, Suite 119",Phoenix,AZ,85012,480-773-9907,,54283,Ryan Hill,543312
50498,PayMeNow,11/10/2018,Yes,Ryan Carrier Company,"645 E. Missouri, Suite 119",Phoenix,AZ,85012,480-773-9907,,54283,Ryan Hill,543312
50498,PayMeNow,11/10/2018,Yes,Ryan Carrier Company,"645 E. Missouri, Suite 119",Phoenix,AZ,85012,480-773-9907,,54283,Ryan Hill,543312
50498,PayMeNow,11/10/2018,Yes,Ryan Carrier Company,"645 E. Missouri, Suite 119",Phoenix,AZ,85012,480-773-9907,,54283,Ryan Hill,543312
50498,PayMeNow,11/10/2018,Yes,Ryan Carrier Company,"645 E. Missouri, Suite 119",Phoenix,AZ,85012,480-773-9907,,54283,Ryan Hill,543312
50498,PayMeNow,11/10/2018,Yes,Ryan Carrier Company,"645 E. Missouri, Suite 119",Phoenix,AZ,85012,480-773-9907,,54283,Ryan Hill,543312
50498,PayMeNow,11/10/2018,Yes,Ryan Carrier Company,"645 E. Missouri, Suite 119",Phoenix,AZ,85012,480-773-9907,,54283,Ryan Hill,543312
50498,PayMeNow,11/10/2018,Yes,Ryan Carrier Company,"645 E. Missouri, Suite 119",Phoenix,AZ,85012,480-773-9907,,54283,Ryan Hill,543312
50498,PayMeNow,11/10/2018,Yes,Ryan Carrier Company,"645 E. Missouri, Suite 119",Phoenix,AZ,85012,480-773-9907,,54283,Ryan Hill,543312
50498,PayMeNow,11/10/2018,Yes,Ryan Carrier Company,"645 E. Missouri, Suite 119",Phoenix,AZ,85012,480-773-9907,,54283,Ryan Hill,543312
50498,PayMeNow,11/10/2018,Yes,Ryan Carrier Company,"645 E. Missouri, Suite 119",Phoenix,AZ,85012,480-773-9907,,54283,Ryan Hill,543312
50498,PayMeNow,11/10/2018,Yes,Ryan Carrier Company,"645 E. Missouri, Suite 119",Phoenix,AZ,85012,480-773-9907,,54283,Ryan Hill,543312
50498,PayMeNow,11/10/2018,Yes,Ryan Carrier Company,"645 E. Missouri, Suite 119",Phoenix,AZ,85012,480-773-9907,,54283,Ryan Hill,543312
50498,PayMeNow,11/10/2018,Yes,Ryan Carrier Company,"645 E. Missouri, Suite 119",Phoenix,AZ,85012,480-773-9907,,54283,Ryan Hill,543312
50498,PayMeNow,11/10/2018,Yes,Ryan Carrier Company,"645 E. Missouri, Suite 119",Phoenix,AZ,85012,480-773-9907,,54283,Ryan Hill,543312
50498,PayMeNow,11/10/2018,Yes,Ryan Carrier Company,"645 E. Missouri, Suite 119",Phoenix,AZ,85012,480-773-9907,,54283,Ryan Hill,543312
50498,PayMeNow,11/10/2018,Yes,Ryan Carrier Company,"645 E. Missouri, Suite 119",Phoenix,AZ,85012,480-773-9907,,54283,Ryan Hill,543312
50498,PayMeNow,11/10/2018,Yes,Ryan Carrier Company,"645 E. Missouri, Suite 119",Phoenix,AZ,85012,480-773-9907,,54283,Ryan Hill,543312
50498,PayMeNow,11/10/2018,Yes,Ryan Carrier Company,"645 E. Missouri, Suite 119",Phoenix,AZ,85012,480-773-9907,,54283,Ryan Hill,543312
50498,PayMeNow,11/10/2018,Yes,Ryan Carrier Company,"645 E. Missouri, Suite 119",Phoenix,AZ,85012,480-773-9907,,54283,Ryan Hill,543312
50498,PayMeNow,11/10/2018,Yes,Ryan Carrier Company,"645 E. Missouri, Suite 119",Phoenix,AZ,85012,480-773-9907,,54283,Ryan Hill,543312
50498,PayMeNow,11/10/2018,Yes,Ryan Carrier Company,"645 E. Missouri, Suite 119",Phoenix,AZ,85012,480-773-9907,,54283,Ryan Hill,543312
50498,PayMeNow,11/10/2018,Yes,Ryan Carrier Company,"645 E. Missouri, Suite 119",Phoenix,AZ,85012,480-773-9907,,54283,Ryan Hill,543312
50498,PayMeNow,11/10/2018,Yes,Ryan Carrier Company,"645 E. Missouri, Suite 119",Phoenix,AZ,85012,480-773-9907,,54283,Ryan Hill,543312
50498,PayMeNow,11/10/2018,Yes,Ryan Carrier Company,"645 E. Missouri, Suite 119",Phoenix,AZ,85012,480-773-9907,,54283,Ryan Hill,543312
50498,PayMeNow,11/10/2018,Yes,Ryan Carrier Company,"645 E. Missouri, Suite 119",Phoenix,AZ,85012,480-773-9907,,54283,Ryan Hill,543312
50498,PayMeNow,11/10/2018,Yes,Ryan Carrier Company,"645 E. Missouri, Suite 119",Phoenix,AZ,85012,480-773-9907,,54283,Ryan Hill,543312
50498,PayMeNow,11/10/2018,Yes,Ryan Carrier Company,"645 E. Missouri, Suite 119",Phoenix,AZ,85012,480-773-9907,,54283,Ryan Hill,543312
50498,PayMeNow,11/10/2018,Yes,Ryan Carrier Company,"645 E. Missouri, Suite 119",Phoenix,AZ,85012,480-773-9907,,54283,Ryan Hill,543312
50498,PayMeNow,11/10/2018,Yes,Ryan Carrier Company,"645 E. Missouri, Suite 119",Phoenix,AZ,85012,480-773-9907,,54283,Ryan Hill,543312
50498,PayMeNow,11/10/2018,Yes,Ryan Carrier Company,"645 E. Missouri, Suite 119",Phoenix,AZ,85012,480-773-9907,,54283,Ryan Hill,543312
50498,PayMeNow,11/10/2018,Yes,Ryan Carrier Company,"645 E. Missouri, Suite 119",Phoenix,AZ,85012,480-773-9907,,54283,Ryan Hill,543312
50498,PayMeNow,11/10/2018,Yes,Ryan Carrier Company,"645 E. Missouri, Suite 119",Phoenix,AZ,85012,480-773-9907,,54283,Ryan Hill,543312
50498,PayMeNow,11/10/2018,Yes,Ryan Carrier Company,"645 E. Missouri, Suite 119",Phoenix,AZ,85012,480-773-9907,,54283,Ryan Hill,543312
50498,PayMeNow,11/10/2018,Yes,Ryan Carrier Company,"645 E. Missouri, Suite 119",Phoenix,AZ,85012,480-773-9907,,54283,Ryan Hill,543312
50498,PayMeNow,11/10/2018,Yes,Ryan Carrier Company,"645 E. Missouri, Suite 119",Phoenix,AZ,85012,480-773-9907,,54283,Ryan Hill,543312
50498,PayMeNow,11/10/2018,Yes,Ryan Carrier Company,"645 E. Missouri, Suite 119",Phoenix,AZ,85012,480-773-9907,,54283,Ryan Hill,543312
50498,PayMeNow,11/10/2018,Yes,Ryan Carrier Company,"645 E. Missouri, Suite 119",Phoenix,AZ,85012,480-773-9907,,54283,Ryan Hill,543312
50498,PayMeNow,11/10/2018,Yes,Ryan Carrier Company,"645 E. Missouri, Suite 119",Phoenix,AZ,85012,480-773-9907,,54283,Ryan Hill,543312
50498,PayMeNow,11/10/2018,Yes,Ryan Carrier Company,"645 E. Missouri, Suite 119",Phoenix,AZ,85012,480-773-9907,,54283,Ryan Hill,543312
50498,PayMeNow,11/10/2018,Yes,Ryan Carrier Company,"645 E. Missouri, Suite 119",Phoenix,AZ,85012,480-773-9907,,54283,Ryan Hill,543312
50498,PayMeNow,11/10/2018,Yes,Ryan Carrier Company,"645 E. Missouri, Suite 119",Phoenix,AZ,85012,480-773-9907,,54283,Ryan Hill,543312
50498,PayMeNow,11/10/2018,Yes,Ryan Carrier Company,"645 E. Missouri, Suite 119",Phoenix,AZ,85012,480-773-9907,,54283,Ryan Hill,543312
50498,PayMeNow,11/10/2018,Yes,Ryan Carrier Company,"645 E. Missouri, Suite 119",Phoenix,AZ,85012,480-773-9907,,54283,Ryan Hill,543312
50498,PayMeNow,11/10/2018,Yes,Ryan Carrier Company,"645 E. Missouri, Suite 119",Phoenix,AZ,85012,480-773-9907,,54283,Ryan Hill,543312
50498,PayMeNow,11/10/2018,Yes,Ryan Carrier Company,"645 E. Missouri, Suite 119",Phoenix,AZ,85012,480-773-9907,,54283,Ryan Hill,543312
50498,PayMeNow,11/10/2018,Yes,Ryan Carrier Company,"645 E. Missouri, Suite 119",Phoenix,AZ,85012,480-773-9907,,54283,Ryan Hill,543312
50498,PayMeNow,11/10/2018,Yes,Ryan Carrier Company,"645 E. Missouri, Suite 119",Phoenix,AZ,85012,480-773-9907,,54283,Ryan Hill,543312
50498,PayMeNow,11/10/2018,Yes,Ryan Carrier Company,"645 E. Missouri, Suite 119",Phoenix,AZ,85012,480-773-9907,,54283,Ryan Hill,543312
50498,PayMeNow,11/10/2018,Yes,Ryan Carrier Company,"645 E. Missouri, Suite 119",Phoenix,AZ,85012,480-773-9907,,54283,Ryan Hill,543312
50498,PayMeNow,11/10/2018,Yes,Ryan Carrier Company,"645 E. Missouri, Suite 119",Phoenix,AZ,85012,480-773-9907,,54283,Ryan Hill,543312
50498,PayMeNow,11/10/2018,Yes,Ryan Carrier Company,"645 E. Missouri, Suite 119",Phoenix,AZ,85012,480-773-9907,,54283,Ryan Hill,543312
50498,PayMeNow,11/10/2018,Yes,Ryan Carrier Company,"645 E. Missouri, Suite 119",Phoenix,AZ,85012,480-773-9907,,54283,Ryan Hill,543312
50498,PayMeNow,11/10/2018,Yes,Ryan Carrier Company,"645 E. Missouri, Suite 119",Phoenix,AZ,85012,480-773-9907,,54283,Ryan Hill,543312
50498,PayMeNow,11/10/2018,Yes,Ryan Carrier Company,"645 E. Missouri, Suite 119",Phoenix,AZ,85012,480-773-9907,,54283,Ryan Hill,543312
50498,PayMeNow,11/10/2018,Yes,Ryan Carrier Company,"645 E. Missouri, Suite 119",Phoenix,AZ,85012,480-773-9907,,54283,Ryan Hill,543312
50498,PayMeNow,11/10/2018,Yes,Ryan Carrier Company,"645 E. Missouri, Suite 119",Phoenix,AZ,85012,480-773-9907,,54283,Ryan Hill,543312
50498,PayMeNow,11/10/2018,Yes,Ryan Carrier Company,"645 E. Missouri, Suite 119",Phoenix,AZ,85012,480-773-9907,,54283,Ryan Hill,543312
50498,PayMeNow,11/10/2018,Yes,Ryan Carrier Company,"645 E. Missouri, Suite 119",Phoenix,AZ,85012,480-773-9907,,54283,Ryan Hill,543312
50498,PayMeNow,11/10/2018,Yes,Ryan Carrier Company,"645 E. Missouri, Suite 119",Phoenix,AZ,85012,480-773-9907,,54283,Ryan Hill,543312
50498,PayMeNow,11/10/2018,Yes,Ryan Carrier Company,"645 E. Missouri, Suite 119",Phoenix,AZ,85012,480-773-9907,,54283,Ryan Hill,543312
50498,PayMeNow,11/10/2018,Yes,Ryan Carrier Company,"645 E. Missouri, Suite 119",Phoenix,AZ,85012,480-773-9907,,54283,Ryan Hill,543312
50498,PayMeNow,11/10/2018,Yes,Ryan Carrier Company,"645 E. Missouri, Suite 119",Phoenix,AZ,85012,480-773-9907,,54283,Ryan Hill,543312
50498,PayMeNow,11/10/2018,Yes,Ryan Carrier Company,"645 E. Missouri, Suite 119",Phoenix,AZ,85012,480-773-9907,,54283,Ryan Hill,543312
50498,PayMeNow,11/10/2018,Yes,Ryan Carrier Company,"645 E. Missouri, Suite 119",Phoenix,AZ,85012,480-773-9907,,54283,Ryan Hill,543312
50498,PayMeNow,11/10/2018,Yes,Ryan Carrier Company,"645 E. Missouri, Suite 119",Phoenix,AZ,85012,480-773-9907,,54283,Ryan Hill,543312
50498,PayMeNow,11/10/2018,Yes,Ryan Carrier Company,"645 E. Missouri, Suite 119",Phoenix,AZ,85012,480-773-9907,,54283,Ryan Hill,543312
50498,PayMeNow,11/10/2018,Yes,Ryan Carrier Company,"645 E. Missouri, Suite 119",Phoenix,AZ,85012,480-773-9907,,54283,Ryan Hill,543312
50498,PayMeNow,11/10/2018,Yes,Ryan Carrier Company,"645 E. Missouri, Suite 119",Phoenix,AZ,85012,480-773-9907,,54283,Ryan Hill,543312
50498,PayMeNow,11/10/2018,Yes,Ryan Carrier Company,"645 E. Missouri, Suite 119",Phoenix,AZ,85012,480-773-9907,,54283,Ryan Hill,543312
50498,PayMeNow,11/10/2018,Yes,Ryan Carrier Company,"645 E. Missouri, Suite 119",Phoenix,AZ,85012,480-773-9907,,54283,Ryan Hill,543312
50498,PayMeNow,11/10/2018,Yes,Ryan Carrier Company,"645 E. Missouri, Suite 119",Phoenix,AZ,85012,480-773-9907,,54283,Ryan Hill,543312
50498,PayMeNow,11/10/2018,Yes,Ryan Carrier Company,"645 E. Missouri, Suite 119",Phoenix,AZ,85012,480-773-9907,,54283,Ryan Hill,543312
50498,PayMeNow,11/10/2018,Yes,Ryan Carrier Company,"645 E. Missouri, Suite 119",Phoenix,AZ,85012,480-773-9907,,54283,Ryan Hill,543312
50498,PayMeNow,11/10/2018,Yes,Ryan Carrier Company,"645 E. Missouri, Suite 119",Phoenix,AZ,85012,480-773-9907,,54283,Ryan Hill,543312
50498,PayMeNow,11/10/2018,Yes,Ryan Carrier Company,"645 E. Missouri, Suite 119",Phoenix,AZ,85012,480-773-9907,,54283,Ryan Hill,543312
50498,PayMeNow,11/10/2018,Yes,Ryan Carrier Company,"645 E. Missouri, Suite 119",Phoenix,AZ,85012,480-773-9907,,54283,Ryan Hill,543312
50498,PayMeNow,11/10/2018,Yes,Ryan Carrier Company,"645 E. Missouri, Suite 119",Phoenix,AZ,85012,480-773-9907,,54283,Ryan Hill,543312
50498,PayMeNow,11/10/2018,Yes,Ryan Carrier Company,"645 E. Missouri, Suite 119",Phoenix,AZ,85012,480-773-9907,,54283,Ryan Hill,543312
50498,PayMeNow,11/10/2018,Yes,Ryan Carrier Company,"645 E. Missouri, Suite 119",Phoenix,AZ,85012,480-773-9907,,54283,Ryan Hill,543312
50498,PayMeNow,11/10/2018,Yes,Ryan Carrier Company,"645 E. Missouri, Suite 119",Phoenix,AZ,85012,480-773-9907,,54283,Ryan Hill,543312
50498,PayMeNow,11/10/2018,Yes,Ryan Carrier Company,"645 E. Missouri, Suite 119",Phoenix,AZ,85012,480-773-9907,,54283,Ryan Hill,543312
50498,PayMeNow,11/10/2018,Yes,Ryan Carrier Company,"645 E. Missouri, Suite 119",Phoenix,AZ,85012,480-773-9907,,54283,Ryan Hill,543312
50498,PayMeNow,11/10/2018,Yes,Ryan Carrier Company,"645 E. Missouri, Suite 119",Phoenix,AZ,85012,480-773-9907,,54283,Ryan Hill,543312
50498,PayMeNow,11/10/2018,Yes,Ryan Carrier Company,"645 E. Missouri, Suite 119",Phoenix,AZ,85012,480-773-9907,,54283,Ryan Hill,543312
50498,PayMeNow,11/10/2018,Yes,Ryan Carrier Company,"645 E. Missouri, Suite 119",Phoenix,AZ,85012,480-773-9907,,54283,Ryan Hill,543312
50498,PayMeNow,11/10/2018,Yes,Ryan Carrier Company,"645 E. Missouri, Suite 119",Phoenix,AZ,85012,480-773-9907,,54283,Ryan Hill,543312
50498,PayMeNow,11/10/2018,Yes,Ryan Carrier Company,"645 E. Missouri, Suite 119",Phoenix,AZ,85012,480-773-9907,,54283,Ryan Hill,543312
50498,PayMeNow,11/10/2018,Yes,Ryan Carrier Company,"645 E. Missouri, Suite 119",Phoenix,AZ,85012,480-773-9907,,54283,Ryan Hill,543312
50498,PayMeNow,11/10/2018,Yes,Ryan Carrier Company,"645 E. Missouri, Suite 119",Phoenix,AZ,85012,480-773-9907,,54283,Ryan Hill,543312
50498,PayMeNow,11/10/2018,Yes,Ryan Carrier Company,"645 E. Missouri, Suite 119",Phoenix,AZ,85012,480-773-9907,,54283,Ryan Hill,543312
50498,PayMeNow,11/10/2018,Yes,Ryan Carrier Company,"645 E. Missouri, Suite 119",Phoenix,AZ,85012,480-773-9907,,54283,Ryan Hill,543312
50498,PayMeNow,11/10/2018,Yes,Ryan Carrier Company,"645 E. Missouri, Suite 119",Phoenix,AZ,85012,480-773-9907,,54283,Ryan Hill,543312
50498,PayMeNow,11/10/2018,Yes,Ryan Carrier Company,"645 E. Missouri, Suite 119",Phoenix,AZ,85012,480-773-9907,,54283,Ryan Hill,543312
50498,PayMeNow,11/10/2018,Yes,Ryan Carrier Company,"645 E. Missouri, Suite 119",Phoenix,AZ,85012,480-773-9907,,54283,Ryan Hill,543312
50498,PayMeNow,11/10/2018,Yes,Ryan Carrier Company,"645 E. Missouri, Suite 119",Phoenix,AZ,85012,480-773-9907,,54283,Ryan Hill,543312
50498,PayMeNow,11/10/2018,Yes,Ryan Carrier Company,"645 E. Missouri, Suite 119",Phoenix,AZ,85012,480-773-9907,,54283,Ryan Hill,543312
50498,PayMeNow,11/10/2018,Yes,Ryan Carrier Company,"645 E. Missouri, Suite 119",Phoenix,AZ,85012,480-773-9907,,54283,Ryan Hill,543312
50498,PayMeNow,11/10/2018,Yes,Ryan Carrier Company,"645 E. Missouri, Suite 119",Phoenix,AZ,85012,480-773-9907,,54283,Ryan Hill,543312
50498,PayMeNow,11/10/2018,Yes,Ryan Carrier Company,"645 E. Missouri, Suite 119",Phoenix,AZ,85012,480-773-9907,,54283,Ryan Hill,543312
50498,PayMeNow,11/10/2018,Yes,Ryan Carrier Company,"645 E. Missouri, Suite 119",Phoenix,AZ,85012,480-773-9907,,54283,Ryan Hill,543312
50498,PayMeNow,11/10/2018,Yes,Ryan Carrier Company,"645 E. Missouri, Suite 119",Phoenix,AZ,85012,480-773-9907,,54283,Ryan Hill,543312
50498,PayMeNow,11/10/2018,Yes,Ryan Carrier Company,"645 E. Missouri, Suite 119",Phoenix,AZ,85012,480-773-9907,,54283,Ryan Hill,543312
50498,PayMeNow,11/10/2018,Yes,Ryan Carrier Company,"645 E. Missouri, Suite 119",Phoenix,AZ,85012,480-773-9907,,54283,Ryan Hill,543312
50498,PayMeNow,11/10/2018,Yes,Ryan Carrier Company,"645 E. Missouri, Suite 119",Phoenix,AZ,85012,480-773-9907,,54283,Ryan Hill,543312
50498,PayMeNow,11/10/2018,Yes,Ryan Carrier Company,"645 E. Missouri, Suite 119",Phoenix,AZ,85012,480-773-9907,,54283,Ryan Hill,543312
50498,PayMeNow,11/10/2018,Yes,Ryan Carrier Company,"645 E. Missouri, Suite 119",Phoenix,AZ,85012,480-773-9907,,54283,Ryan Hill,543312
50498,PayMeNow,11/10/2018,Yes,Ryan Carrier Company,"645 E. Missouri, Suite 119",Phoenix,AZ,85012,480-773-9907,,54283,Ryan Hill,543312
50498,PayMeNow,11/10/2018,Yes,Ryan Carrier Company,"645 E. Missouri, Suite 119",Phoenix,AZ,85012,480-773-9907,,54283,Ryan Hill,543312
50498,PayMeNow,11/10/2018,Yes,Ryan Carrier Company,"645 E. Missouri, Suite 119",Phoenix,AZ,85012,480-773-9907,,54283,Ryan Hill,543312
50498,PayMeNow,11/10/2018,Yes,Ryan Carrier Company,"645 E. Missouri, Suite 119",Phoenix,AZ,85012,480-773-9907,,54283,Ryan Hill,543312
50498,PayMeNow,11/10/2018,Yes,Ryan Carrier Company,"645 E. Missouri, Suite 119",Phoenix,AZ,85012,480-773-9907,,54283,Ryan Hill,543312
50498,PayMeNow,11/10/2018,Yes,Ryan Carrier Company,"645 E. Missouri, Suite 119",Phoenix,AZ,85012,480-773-9907,,54283,Ryan Hill,543312
50498,PayMeNow,11/10/2018,Yes,Ryan Carrier Company,"645 E. Missouri, Suite 119",Phoenix,AZ,85012,480-773-9907,,54283,Ryan Hill,543312
50498,PayMeNow,11/10/2018,Yes,Ryan Carrier Company,"645 E. Missouri, Suite 119",Phoenix,AZ,85012,480-773-9907,,54283,Ryan Hill,543312
50498,PayMeNow,11/10/2018,Yes,Ryan Carrier Company,"645 E. Missouri, Suite 119",Phoenix,AZ,85012,480-773-9907,,54283,Ryan Hill,543312
50498,PayMeNow,11/10/2018,Yes,Ryan Carrier Company,"645 E. Missouri, Suite 119",Phoenix,AZ,85012,480-773-9907,,54283,Ryan Hill,543312
50498,PayMeNow,11/10/2018,Yes,Ryan Carrier Company,"645 E. Missouri, Suite 119",Phoenix,AZ,85012,480-773-9907,,54283,Ryan Hill,543312
50498,PayMeNow,11/10/2018,Yes,Ryan Carrier Company,"645 E. Missouri, Suite 119",Phoenix,AZ,85012,480-773-9907,,54283,Ryan Hill,543312
50498,PayMeNow,11/10/2018,Yes,Ryan Carrier Company,"645 E. Missouri, Suite 119",Phoenix,AZ,85012,480-773-9907,,54283,Ryan Hill,543312
50498,PayMeNow,11/10/2018,Yes,Ryan Carrier Company,"645 E. Missouri, Suite 119",Phoenix,AZ,85012,480-773-9907,,54283,Ryan Hill,543312
50498,PayMeNow,11/10/2018,Yes,Ryan Carrier Company,"645 E. Missouri, Suite 119",Phoenix,AZ,85012,480-773-9907,,54283,Ryan Hill,543312
50498,PayMeNow,11/10/2018,Yes,Ryan Carrier Company,"645 E. Missouri, Suite 119",Phoenix,AZ,85012,480-773-9907,,54283,Ryan Hill,543312
50498,PayMeNow,11/10/2018,Yes,Ryan Carrier Company,"645 E. Missouri, Suite 119",Phoenix,AZ,85012,480-773-9907,,54283,Ryan Hill,543312
50498,PayMeNow,11/10/2018,Yes,Ryan Carrier Company,"645 E. Missouri, Suite 119",Phoenix,AZ,85012,480-773-9907,,54283,Ryan Hill,543312
50498,PayMeNow,11/10/2018,Yes,Ryan Carrier Company,"645 E. Missouri, Suite 119",Phoenix,AZ,85012,480-773-9907,,54283,Ryan Hill,543312
50498,PayMeNow,11/10/2018,Yes,Ryan Carrier Company,"645 E. Missouri, Suite 119",Phoenix,AZ,85012,480-773-9907,,54283,Ryan Hill,543312
50498,PayMeNow,11/10/2018,Yes,Ryan Carrier Company,"645 E. Missouri, Suite 119",Phoenix,AZ,85012,480-773-9907,,54283,Ryan Hill,543312
50498,PayMeNow,11/10/2018,Yes,Ryan Carrier Company,"645 E. Missouri, Suite 119",Phoenix,AZ,85012,480-773-9907,,54283,Ryan Hill,543312
50498,PayMeNow,11/10/2018,Yes,Ryan Carrier Company,"645 E. Missouri, Suite 119",Phoenix,AZ,85012,480-773-9907,,54283,Ryan Hill,543312
50498,PayMeNow,11/10/2018,Yes,Ryan Carrier Company,"645 E. Missouri, Suite 119",Phoenix,AZ,85012,480-773-9907,,54283,Ryan Hill,543312
50498,PayMeNow,11/10/2018,Yes,Ryan Carrier Company,"645 E. Missouri, Suite 119",Phoenix,AZ,85012,480-773-9907,,54283,Ryan Hill,543312
50498,PayMeNow,11/10/2018,Yes,Ryan Carrier Company,"645 E. Missouri, Suite 119",Phoenix,AZ,85012,480-773-9907,,54283,Ryan Hill,543312
50498,PayMeNow,11/10/2018,Yes,Ryan Carrier Company,"645 E. Missouri, Suite 119",Phoenix,AZ,85012,480-773-9907,,54283,Ryan Hill,543312
50498,PayMeNow,11/10/2018,Yes,Ryan Carrier Company,"645 E. Missouri, Suite 119",Phoenix,AZ,85012,480-773-9907,,54283,Ryan Hill,543312
50498,PayMeNow,11/10/2018,Yes,Ryan Carrier Company,"645 E. Missouri, Suite 119",Phoenix,AZ,85012,480-773-9907,,54283,Ryan Hill,543312
50498,PayMeNow,11/10/2018,Yes,Ryan Carrier Company,"645 E. Missouri, Suite 119",Phoenix,AZ,85012,480-773-9907,,54283,Ryan Hill,543312
50498,PayMeNow,11/10/2018,Yes,Ryan Carrier Company,"645 E. Missouri, Suite 119",Phoenix,AZ,85012,480-773-9907,,54283,Ryan Hill,543312
50498,PayMeNow,11/10/2018,Yes,Ryan Carrier Company,"645 E. Missouri, Suite 119",Phoenix,AZ,85012,480-773-9907,,54283,Ryan Hill,543312
50498,PayMeNow,11/10/2018,Yes,Ryan Carrier Company,"645 E. Missouri, Suite 119",Phoenix,AZ,85012,480-773-9907,,54283,Ryan Hill,543312
50498,PayMeNow,11/10/2018,Yes,Ryan Carrier Company,"645 E. Missouri, Suite 119",Phoenix,AZ,85012,480-773-9907,,54283,Ryan Hill,543312
50498,PayMeNow,11/10/2018,Yes,Ryan Carrier Company,"645 E. Missouri, Suite 119",Phoenix,AZ,85012,480-773-9907,,54283,Ryan Hill,543312
50498,PayMeNow,11/10/2018,Yes,Ryan Carrier Company,"645 E. Missouri, Suite 119",Phoenix,AZ,85012,480-773-9907,,54283,Ryan Hill,543312
50498,PayMeNow,11/10/2018,Yes,Ryan Carrier Company,"645 E. Missouri, Suite 119",Phoenix,AZ,85012,480-773-9907,,54283,Ryan Hill,543312
50498,PayMeNow,11/10/2018,Yes,Ryan Carrier Company,"645 E. Missouri, Suite 119",Phoenix,AZ,85012,480-773-9907,,54283,Ryan Hill,543312
50498,PayMeNow,11/10/2018,Yes,Ryan Carrier Company,"645 E. Missouri, Suite 119",Phoenix,AZ,85012,480-773-9907,,54283,Ryan Hill,543312
50498,PayMeNow,11/10/2018,Yes,Ryan Carrier Company,"645 E. Missouri, Suite 119",Phoenix,AZ,85012,480-773-9907,,54283,Ryan Hill,543312
50498,PayMeNow,11/10/2018,Yes,Ryan Carrier Company,"645 E. Missouri, Suite 119",Phoenix,AZ,85012,480-773-9907,,54283,Ryan Hill,543312
50498,PayMeNow,11/10/2018,Yes,Ryan Carrier Company,"645 E. Missouri, Suite 119",Phoenix,AZ,85012,480-773-9907,,54283,Ryan Hill,543312
50498,PayMeNow,11/10/2018,Yes,Ryan Carrier Company,"645 E. Missouri, Suite 119",Phoenix,AZ,85012,480-773-9907,,54283,Ryan Hill,543312
50498,PayMeNow,11/10/2018,Yes,Ryan Carrier Company,"645 E. Missouri, Suite 119",Phoenix,AZ,85012,480-773-9907,,54283,Ryan Hill,543312
50498,PayMeNow,11/10/2018,Yes,Ryan Carrier Company,"645 E. Missouri, Suite 119",Phoenix,AZ,85012,480-773-9907,,54283,Ryan Hill,543312
50498,PayMeNow,11/10/2018,Yes,Ryan Carrier Company,"645 E. Missouri, Suite 119",Phoenix,AZ,85012,480-773-9907,,54283,Ryan Hill,543312
50498,PayMeNow,11/10/2018,Yes,Ryan Carrier Company,"645 E. Missouri, Suite 119",Phoenix,AZ,85012,480-773-9907,,54283,Ryan Hill,543312
50498,PayMeNow,11/10/2018,Yes,Ryan Carrier Company,"645 E. Missouri, Suite 119",Phoenix,AZ,85012,480-773-9907,,54283,Ryan Hill,543312
50498,PayMeNow,11/10/2018,Yes,Ryan Carrier Company,"645 E. Missouri, Suite 119",Phoenix,AZ,85012,480-773-9907,,54283,Ryan Hill,543312
50498,PayMeNow,11/10/2018,Yes,Ryan Carrier Company,"645 E. Missouri, Suite 119",Phoenix,AZ,85012,480-773-9907,,54283,Ryan Hill,543312
50498,PayMeNow,11/10/2018,Yes,Ryan Carrier Company,"645 E. Missouri, Suite 119",Phoenix,AZ,85012,480-773-9907,,54283,Ryan Hill,543312
50498,PayMeNow,11/10/2018,Yes,Ryan Carrier Company,"645 E. Missouri, Suite 119",Phoenix,AZ,85012,480-773-9907,,54283,Ryan Hill,543312
50498,PayMeNow,11/10/2018,Yes,Ryan Carrier Company,"645 E. Missouri, Suite 119",Phoenix,AZ,85012,480-773-9907,,54283,Ryan Hill,543312
50498,PayMeNow,11/10/2018,Yes,Ryan Carrier Company,"645 E. Missouri, Suite 119",Phoenix,AZ,85012,480-773-9907,,54283,Ryan Hill,543312
50498,PayMeNow,11/10/2018,Yes,Ryan Carrier Company,"645 E. Missouri, Suite 119",Phoenix,AZ,85012,480-773-9907,,54283,Ryan Hill,543312
50498,PayMeNow,11/10/2018,Yes,Ryan Carrier Company,"645 E. Missouri, Suite 119",Phoenix,AZ,85012,480-773-9907,,54283,Ryan Hill,543312
50498,PayMeNow,11/10/2018,Yes,Ryan Carrier Company,"645 E. Missouri, Suite 119",Phoenix,AZ,85012,480-773-9907,,54283,Ryan Hill,543312
50498,PayMeNow,11/10/2018,Yes,Ryan Carrier Company,"645 E. Missouri, Suite 119",Phoenix,AZ,85012,480-773-9907,,54283,Ryan Hill,543312
50498,PayMeNow,11/10/2018,Yes,Ryan Carrier Company,"645 E. Missouri, Suite 119",Phoenix,AZ,85012,480-773-9907,,54283,Ryan Hill,543312
50498,PayMeNow,11/10/2018,Yes,Ryan Carrier Company,"645 E. Missouri, Suite 119",Phoenix,AZ,85012,480-773-9907,,54283,Ryan Hill,543312
50498,PayMeNow,11/10/2018,Yes,Ryan Carrier Company,"645 E. Missouri, Suite 119",Phoenix,AZ,85012,480-773-9907,,54283,Ryan Hill,543312
50498,PayMeNow,11/10/2018,Yes,Ryan Carrier Company,"645 E. Missouri, Suite 119",Phoenix,AZ,85012,480-773-9907,,54283,Ryan Hill,543312
50498,PayMeNow,11/10/2018,Yes,Ryan Carrier Company,"645 E. Missouri, Suite 119",Phoenix,AZ,85012,480-773-9907,,54283,Ryan Hill,543312
50498,PayMeNow,11/10/2018,Yes,Ryan Carrier Company,"645 E. Missouri, Suite 119",Phoenix,AZ,85012,480-773-9907,,54283,Ryan Hill,543312
50498,PayMeNow,11/10/2018,Yes,Ryan Carrier Company,"645 E. Missouri, Suite 119",Phoenix,AZ,85012,480-773-9907,,54283,Ryan Hill,543312
50498,PayMeNow,11/10/2018,Yes,Ryan Carrier Company,"645 E. Missouri, Suite 119",Phoenix,AZ,85012,480-773-9907,,54283,Ryan Hill,543312
50498,PayMeNow,11/10/2018,Yes,Ryan Carrier Company,"645 E. Missouri, Suite 119",Phoenix,AZ,85012,480-773-9907,,54283,Ryan Hill,543312
50498,PayMeNow,11/10/2018,Yes,Ryan Carrier Company,"645 E. Missouri, Suite 119",Phoenix,AZ,85012,480-773-9907,,54283,Ryan Hill,543312
50498,PayMeNow,11/10/2018,Yes,Ryan Carrier Company,"645 E. Missouri, Suite 119",Phoenix,AZ,85012,480-773-9907,,54283,Ryan Hill,543312
50498,PayMeNow,11/10/2018,Yes,Ryan Carrier Company,"645 E. Missouri, Suite 119",Phoenix,AZ,85012,480-773-9907,,54283,Ryan Hill,543312
50498,PayMeNow,11/10/2018,Yes,Ryan Carrier Company,"645 E. Missouri, Suite 119",Phoenix,AZ,85012,480-773-9907,,54283,Ryan Hill,543312
50498,PayMeNow,11/10/2018,Yes,Ryan Carrier Company,"645 E. Missouri, Suite 119",Phoenix,AZ,85012,480-773-9907,,54283,Ryan Hill,543312
50498,PayMeNow,11/10/2018,Yes,Ryan Carrier Company,"645 E. Missouri, Suite 119",Phoenix,AZ,85012,480-773-9907,,54283,Ryan Hill,543312
50498,PayMeNow,11/10/2018,Yes,Ryan Carrier Company,"645 E. Missouri, Suite 119",Phoenix,AZ,85012,480-773-9907,,54283,Ryan Hill,543312
50498,PayMeNow,11/10/2018,Yes,Ryan Carrier Company,"645 E. Missouri, Suite 119",Phoenix,AZ,85012,480-773-9907,,54283,Ryan Hill,543312
50498,PayMeNow,11/10/2018,Yes,Ryan Carrier Company,"645 E. Missouri, Suite 119",Phoenix,AZ,85012,480-773-9907,,54283,Ryan Hill,543312
50498,PayMeNow,11/10/2018,Yes,Ryan Carrier Company,"645 E. Missouri, Suite 119",Phoenix,AZ,85012,480-773-9907,,54283,Ryan Hill,543312
50498,PayMeNow,11/10/2018,Yes,Ryan Carrier Company,"645 E. Missouri, Suite 119",Phoenix,AZ,85012,480-773-9907,,54283,Ryan Hill,543312
50498,PayMeNow,11/10/2018,Yes,Ryan Carrier Company,"645 E. Missouri, Suite 119",Phoenix,AZ,85012,480-773-9907,,54283,Ryan Hill,543312
50498,PayMeNow,11/10/2018,Yes,Ryan Carrier Company,"645 E. Missouri, Suite 119",Phoenix,AZ,85012,480-773-9907,,54283,Ryan Hill,543312
50498,PayMeNow,11/10/2018,Yes,Ryan Carrier Company,"645 E. Missouri, Suite 119",Phoenix,AZ,85012,480-773-9907,,54283,Ryan Hill,543312
50498,PayMeNow,11/10/2018,Yes,Ryan Carrier Company,"645 E. Missouri, Suite 119",Phoenix,AZ,85012,480-773-9907,,54283,Ryan Hill,543312
50498,PayMeNow,11/10/2018,Yes,Ryan Carrier Company,"645 E. Missouri, Suite 119",Phoenix,AZ,85012,480-773-9907,,54283,Ryan Hill,543312
50498,PayMeNow,11/10/2018,Yes,Ryan Carrier Company,"645 E. Missouri, Suite 119",Phoenix,AZ,85012,480-773-9907,,54283,Ryan Hill,543312
50498,PayMeNow,11/10/2018,Yes,Ryan Carrier Company,"645 E. Missouri, Suite 119",Phoenix,AZ,85012,480-773-9907,,54283,Ryan Hill,543312
50498,PayMeNow,11/10/2018,Yes,Ryan Carrier Company,"645 E. Missouri, Suite 119",Phoenix,AZ,85012,480-773-9907,,54283,Ryan Hill,543312
50498,PayMeNow,11/10/2018,Yes,Ryan Carrier Company,"645 E. Missouri, Suite 119",Phoenix,AZ,85012,480-773-9907,,54283,Ryan Hill,543312
50498,PayMeNow,11/10/2018,Yes,Ryan Carrier Company,"645 E. Missouri, Suite 119",Phoenix,AZ,85012,480-773-9907,,54283,Ryan Hill,543312
50498,PayMeNow,11/10/2018,Yes,Ryan Carrier Company,"645 E. Missouri, Suite 119",Phoenix,AZ,85012,480-773-9907,,54283,Ryan Hill,543312
50498,PayMeNow,11/10/2018,Yes,Ryan Carrier Company,"645 E. Missouri, Suite 119",Phoenix,AZ,85012,480-773-9907,,54283,Ryan Hill,543312
50498,PayMeNow,11/10/2018,Yes,Ryan Carrier Company,"645 E. Missouri, Suite 119",Phoenix,AZ,85012,480-773-9907,,54283,Ryan Hill,543312
